{"DocumentTypeId":"Enterprise.Accounts.Invoice","FormId":"3f560e5c","FormName":"Enterprise_Account_invoice","OriginalFileExtension":"pdf","Pages":[{"Page":0,"Size":[0.0,0.0,595.0,841.0],"SkewAngle":0.0,"Evidence":[{"Text":"Main","Box":[114.5259,51.3475,20.2083,8.7797]},{"Text":"Road","Box":[114.5259,74.1391,22.2394,8.7797]},{"Text":"Johannesburg","Box":[127.2459,43.56,58.94,8.7797]},{"Text":"South","Box":[141.8859,43.56,24.3922,8.7797]},{"Text":"Africa","Box":[141.8859,70.5355,23.9149,8.7797]},{"Text":"leon@robopro.co","Box":[158.4459,43.56,71.5385,8.7797]}],"Fields":[{"Field":"Enterprise.Accounts.Invoice.INVOICE#","Box":[155.0061,369.2338,28.8383,12.3593]},{"Field":"Enterprise.Accounts.Invoice.CUSTOMERID","Box":[189.5091,370.7787,24.7186,11.3293]},{"Field":"Enterprise.Accounts.Invoice.DATE","Box":[155.5211,474.8027,54.5869,11.8443]},{"Field":"Enterprise.Accounts.Invoice.TERMS","Box":[189.5091,473.2578,57.1617,8.7545]},{"Field":"Enterprise.Accounts.Invoice.ServiceFeeQty","Box":[381.5931,334.7307,19.0539,9.7844]},{"Field":"Enterprise.Accounts.Invoice.ServiceFeeUnitPrice","Box":[382.108,411.4613,37.5928,8.2395]},{"Field":"Enterprise.Accounts.Invoice.ServiceFeeAmount","Box":[381.5931,506.7309,42.2276,8.7545]},{"Field":"Enterprise.Accounts.Invoice.AdditionalServicesQty","Box":[392.9224,335.7607,16.994,10.2994]},{"Field":"Enterprise.Accounts.Invoice.AdditionalServicesUnitPrice","Box":[393.4374,411.4613,37.0779,12.8743]},{"Field":"Enterprise.Accounts.Invoice.AdditionalServicesAmount","Box":[392.9224,507.2458,41.1976,11.8443]},{"Field":"Enterprise.Accounts.Invoice.TotalAmount","Box":[614.3597,499.5213,48.4072,14.4192]},{"Field":"Enterprise.Accounts.Invoice.BillTo","Box":[261.09,41.1976,72.6108,10.2994]},{"Field":"Enterprise.Accounts.Invoice.CoyName","Box":[272.9343,41.7126,38.6228,11.8443]},{"Field":"Enterprise.Accounts.Invoice.StAddress","Box":[286.3235,42.7425,82.3953,11.3293]},{"Field":"Enterprise.Accounts.Invoice.City","Box":[298.6828,43.7725,52.527,9.7844]},{"Field":"Enterprise.Accounts.Invoice.PhoneNo","Box":[310.5271,43.7725,58.1917,12.3593]},{"Field":"Enterprise.Accounts.Invoice.EmailId","Box":[323.9164,42.7425,113.2935,12.3593]}],"Tables":[]}],"AnchorBasedConfiguration":{"AnchorBasedFieldConfiguration":[]}}